"timestamp", "dataset", "name", "split", "acc_mean", "acc_std", "n_way", "n_shot", "n_query"
20231208-225716,tabula_muris,protonet_5w_1s,train,92.09333333333333,9.225899133136826,5,1,15
20231208-225716,tabula_muris,protonet_5w_1s,val,81.38,12.343991190798807,5,1,15
20231208-225716,tabula_muris,protonet_5w_1s,test,81.15333333333334,11.620679523702243,5,1,15
20231208-230011,tabula_muris,protonet_5w_5s,train,98.34222222222222,2.7576013910822508,5,5,15
20231208-230011,tabula_muris,protonet_5w_5s,val,89.22888888888889,7.458193274083226,5,5,15
20231208-230011,tabula_muris,protonet_5w_5s,test,89.3,7.53355456902281,5,5,15
20231208-230306,tabula_muris,protonet_5w_10s,train,96.88222222222221,4.423612846676792,5,10,15
20231208-230306,tabula_muris,protonet_5w_10s,val,89.88888888888889,7.347427533363273,5,10,15
20231208-230306,tabula_muris,protonet_5w_10s,test,90.40666666666667,7.017899865238784,5,10,15
20231208-230603,tabula_muris,protonet_5w_20s,train,99.1088888888889,1.832220537698841,5,20,15
20231208-230603,tabula_muris,protonet_5w_20s,val,90.03111111111112,7.1949927718972955,5,20,15
20231208-230603,tabula_muris,protonet_5w_20s,test,91.3711111111111,6.571660443727622,5,20,15
20231208-230900,tabula_muris,protonet_5w_30s,train,97.60222222222221,3.5820947040992377,5,30,15
20231208-230900,tabula_muris,protonet_5w_30s,val,92.39555555555556,5.964138094467343,5,30,15
20231208-230900,tabula_muris,protonet_5w_30s,test,89.77333333333333,7.0638694673565325,5,30,15
20231208-231152,tabula_muris,protonet_5w_40s,train,98.33111111111111,2.6738782117662026,5,40,15
20231208-231152,tabula_muris,protonet_5w_40s,val,91.22444444444446,6.221586872324179,5,40,15
20231208-231152,tabula_muris,protonet_5w_40s,test,90.68222222222221,6.371910192883517,5,40,15
20231208-231443,tabula_muris,protonet_5w_50s,train,98.15555555555557,2.9068671354587012,5,50,15
20231208-231443,tabula_muris,protonet_5w_50s,val,91.33777777777779,5.906429223552884,5,50,15
20231208-231443,tabula_muris,protonet_5w_50s,test,89.93777777777777,6.980330743163295,5,50,15
20231208-231741,tabula_muris,protonet_5w_70s,train,98.78222222222222,2.3013640614231106,5,70,15
20231208-231741,tabula_muris,protonet_5w_70s,val,91.54666666666667,6.049337888470845,5,70,15
20231208-231741,tabula_muris,protonet_5w_70s,test,90.39333333333333,7.023723819762299,5,70,15
20231208-232047,tabula_muris,protonet_5w_90s,train,99.14888888888889,1.8828806404477259,5,90,15
20231208-232047,tabula_muris,protonet_5w_90s,val,91.75555555555556,5.746711351549224,5,90,15
20231208-232047,tabula_muris,protonet_5w_90s,test,89.97333333333333,6.883530532553235,5,90,15
20231208-232341,tabula_muris,protonet_10w_5s,train,95.90111111111112,3.2623325367360883,10,5,15
20231208-232341,tabula_muris,protonet_10w_5s,val,81.53888888888889,6.246537312388499,10,5,15
20231208-232341,tabula_muris,protonet_10w_5s,test,82.32666666666667,6.416987870748497,10,5,15
20231208-232643,tabula_muris,protonet_20w_5s,train,90.12444444444445,3.835950153514369,20,5,15
20231208-232643,tabula_muris,protonet_20w_5s,val,71.16111111111111,4.930176041732094,20,5,15
20231208-232643,tabula_muris,protonet_20w_5s,test,71.80666666666667,4.550094830106617,20,5,15
20231208-233001,tabula_muris,protonet_30w_5s,train,89.31888888888888,2.8539837870580342,30,5,15
20231208-233001,tabula_muris,protonet_30w_5s,val,65.48,3.2951222212043816,30,5,15
20231208-233001,tabula_muris,protonet_30w_5s,test,64.37407407407409,2.9990373398319745,30,5,15
20231208-233258,tabula_muris,protonet_40w_5s,train,88.62138888888889,2.2392202504994683,40,5,15
20231208-233258,tabula_muris,protonet_40w_5s,val,60.570085470085466,2.0830594750239846,40,5,15
20231208-233258,tabula_muris,protonet_40w_5s,test,61.44907407407406,2.0745235541396934,40,5,15
20231208-233624,tabula_muris,protonet_50w_5s,train,88.018,1.5713553008411183,50,5,15
20231208-233624,tabula_muris,protonet_50w_5s,val,59.295726495726484,2.0517017614302975,50,5,15
20231208-233624,tabula_muris,protonet_50w_5s,test,61.10432098765432,2.2534735841884115,50,5,15
20231208-233941,tabula_muris,matchingnet_5w_1s,train,95.33111111111111,6.880998707300893,5,1,15
20231208-233941,tabula_muris,matchingnet_5w_1s,val,75.11333333333333,13.124776118020002,5,1,15
20231208-233941,tabula_muris,matchingnet_5w_1s,test,74.81333333333333,13.276181958959715,5,1,15
20231208-234342,tabula_muris,matchingnet_5w_5s,train,98.08666666666667,3.679559152338165,5,5,15
20231208-234342,tabula_muris,matchingnet_5w_5s,val,87.22666666666667,8.87846499912799,5,5,15
20231208-234342,tabula_muris,matchingnet_5w_5s,test,84.31555555555555,9.611473596247249,5,5,15
20231208-234807,tabula_muris,matchingnet_5w_10s,train,98.36444444444446,3.146390446131276,5,10,15
20231208-234807,tabula_muris,matchingnet_5w_10s,val,88.33111111111111,8.184899978272247,5,10,15
20231208-234807,tabula_muris,matchingnet_5w_10s,test,87.28,8.508129445810441,5,10,15
20231208-235431,tabula_muris,matchingnet_5w_20s,train,98.62,2.6478586736371628,5,20,15
20231208-235431,tabula_muris,matchingnet_5w_20s,val,89.54,7.709654361277837,5,20,15
20231208-235431,tabula_muris,matchingnet_5w_20s,test,89.94666666666667,7.631327247311281,5,20,15
20231209-000230,tabula_muris,matchingnet_5w_30s,train,98.72888888888887,2.5325690855018164,5,30,15
20231209-000230,tabula_muris,matchingnet_5w_30s,val,91.22222222222221,6.290223651051441,5,30,15
20231209-000230,tabula_muris,matchingnet_5w_30s,test,89.71555555555555,7.566141603580528,5,30,15
20231209-001219,tabula_muris,matchingnet_5w_40s,train,98.41333333333333,3.0259813223090064,5,40,15
20231209-001219,tabula_muris,matchingnet_5w_40s,val,90.58444444444446,6.985427865860173,5,40,15
20231209-001219,tabula_muris,matchingnet_5w_40s,test,88.94222222222221,7.808138837057487,5,40,15
20231209-002326,tabula_muris,matchingnet_5w_50s,train,91.27111111111113,6.8794257584068825,5,50,15
20231209-002326,tabula_muris,matchingnet_5w_50s,val,86.98222222222222,7.7742963636986016,5,50,15
20231209-002326,tabula_muris,matchingnet_5w_50s,test,87.21333333333334,7.889822792921506,5,50,15
20231209-003812,tabula_muris,matchingnet_5w_70s,train,98.64222222222222,2.5032117640747993,5,70,15
20231209-003812,tabula_muris,matchingnet_5w_70s,val,92.35333333333334,5.759852107154862,5,70,15
20231209-003812,tabula_muris,matchingnet_5w_70s,test,91.21333333333334,6.913034387622013,5,70,15
20231209-005739,tabula_muris,matchingnet_5w_90s,train,96.00888888888888,4.831983975118552,5,90,15
20231209-005739,tabula_muris,matchingnet_5w_90s,val,90.32666666666667,6.476849943080756,5,90,15
20231209-005739,tabula_muris,matchingnet_5w_90s,test,91.11333333333333,6.387410070396876,5,90,15
20231209-010213,tabula_muris,matchingnet_10w_5s,train,98.59555555555556,2.0564574597959995,10,5,15
20231209-010213,tabula_muris,matchingnet_10w_5s,val,76.24666666666667,7.065401354225838,10,5,15
20231209-010213,tabula_muris,matchingnet_10w_5s,test,70.97333333333333,7.605506776890896,10,5,15
20231209-010826,tabula_muris,matchingnet_20w_5s,train,95.91611111111112,2.686281966300102,20,5,15
20231209-010826,tabula_muris,matchingnet_20w_5s,val,64.75222222222222,5.193380283152015,20,5,15
20231209-010826,tabula_muris,matchingnet_20w_5s,test,62.178333333333335,5.05684840001564,20,5,15
20231209-011644,tabula_muris,matchingnet_30w_5s,train,87.2537037037037,3.277532424380717,30,5,15
20231209-011644,tabula_muris,matchingnet_30w_5s,val,57.64185185185185,3.556441074143447,30,5,15
20231209-011644,tabula_muris,matchingnet_30w_5s,test,54.17333333333333,3.246891010577334,30,5,15
20231209-012710,tabula_muris,matchingnet_40w_5s,train,87.28916666666667,2.3520564780476496,40,5,15
20231209-012710,tabula_muris,matchingnet_40w_5s,val,51.77207977207977,2.1232546151208096,40,5,15
20231209-012710,tabula_muris,matchingnet_40w_5s,test,48.3104938271605,2.4468851607274384,40,5,15
20231209-015412,tabula_muris,maml_5w_1s,train,90.79333333333334,9.9824416222055,5,1,15
20231209-015412,tabula_muris,maml_5w_1s,val,74.28444444444445,13.827368816772832,5,1,15
20231209-015412,tabula_muris,maml_5w_1s,test,70.64222222222222,13.947499266982204,5,1,15
20231209-020052,tabula_muris,maml_5w_5s,train,96.57111111111111,5.059327530584317,5,5,15
20231209-020052,tabula_muris,maml_5w_5s,val,85.82222222222221,9.622401845898489,5,5,15
20231209-020052,tabula_muris,maml_5w_5s,test,86.75555555555555,8.663133182816129,5,5,15
20231209-020707,tabula_muris,maml_5w_10s,train,97.96666666666667,3.2739714245681633,5,10,15
20231209-020707,tabula_muris,maml_5w_10s,val,88.15777777777778,8.51501477058084,5,10,15
20231209-020707,tabula_muris,maml_5w_10s,test,88.29777777777778,7.839514976178591,5,10,15
20231209-021323,tabula_muris,maml_5w_20s,train,93.1888888888889,6.465396973480544,5,20,15
20231209-021323,tabula_muris,maml_5w_20s,val,90.91111111111113,7.277328230390569,5,20,15
20231209-021323,tabula_muris,maml_5w_20s,test,91.00222222222222,6.884657840462874,5,20,15
20231209-021937,tabula_muris,maml_5w_30s,train,94.72444444444444,5.669639307446571,5,30,15
20231209-021937,tabula_muris,maml_5w_30s,val,92.57777777777777,6.110909087569805,5,30,15
20231209-021937,tabula_muris,maml_5w_30s,test,91.03333333333333,6.815151964284898,5,30,15
20231209-022558,tabula_muris,maml_5w_40s,train,95.2088888888889,5.608135184436408,5,40,15
20231209-022558,tabula_muris,maml_5w_40s,val,91.62666666666667,6.509471162453585,5,40,15
20231209-022558,tabula_muris,maml_5w_40s,test,90.9511111111111,6.8880343556017944,5,40,15
20231209-023218,tabula_muris,maml_5w_50s,train,96.55777777777779,5.000740192125143,5,50,15
20231209-023218,tabula_muris,maml_5w_50s,val,91.52222222222221,6.758031344579648,5,50,15
20231209-023218,tabula_muris,maml_5w_50s,test,89.58222222222221,7.284502745343267,5,50,15
20231209-023846,tabula_muris,maml_5w_70s,train,95.34222222222223,5.400678512470608,5,70,15
20231209-023846,tabula_muris,maml_5w_70s,val,91.97777777777779,5.81284231701404,5,70,15
20231209-023846,tabula_muris,maml_5w_70s,test,91.15333333333334,6.925864566969239,5,70,15
20231209-024517,tabula_muris,maml_5w_90s,train,97.02,4.433497072999631,5,90,15
20231209-024517,tabula_muris,maml_5w_90s,val,91.86,6.06004155956902,5,90,15
20231209-024517,tabula_muris,maml_5w_90s,test,90.90222222222222,6.51954857181438,5,90,15
20231209-025133,tabula_muris,maml_10w_5s,train,51.07888888888889,5.031279811659243,10,5,15
20231209-025133,tabula_muris,maml_10w_5s,val,43.90777777777778,5.43074364550656,10,5,15
20231209-025133,tabula_muris,maml_10w_5s,test,37.01444444444444,6.318211088435135,10,5,15
20231209-025747,tabula_muris,maml_20w_5s,train,8.668888888888889,2.891877940835567,20,5,15
20231209-025747,tabula_muris,maml_20w_5s,val,8.403333333333334,2.3893102987480934,20,5,15
20231209-025747,tabula_muris,maml_20w_5s,test,7.915555555555555,2.157051027630656,20,5,15
20231209-030435,tabula_muris,maml_30w_5s,train,3.6533333333333333,1.992575519684534,30,5,15
20231209-030435,tabula_muris,maml_30w_5s,val,3.7522222222222217,1.558015647290375,30,5,15
20231209-030435,tabula_muris,maml_30w_5s,test,3.9218518518518524,1.6369397909778765,30,5,15
20231209-074307,tabula_muris,relationnet_5w_1s_fc-conc_sum_7lg_2lf,train,87.13111111111112,10.4534521440716,5,1,15
20231209-074307,tabula_muris,relationnet_5w_1s_fc-conc_sum_7lg_2lf,val,74.24,13.40122271922866,5,1,15
20231209-074307,tabula_muris,relationnet_5w_1s_fc-conc_sum_7lg_2lf,test,70.58666666666667,13.178190737393017,5,1,15
20231209-074601,tabula_muris,relationnet_5w_5s_fc-conc_sum_7lg_2lf,train,95.18444444444445,6.1878060093927125,5,5,15
20231209-074601,tabula_muris,relationnet_5w_5s_fc-conc_sum_7lg_2lf,val,81.48888888888888,10.682742515586577,5,5,15
20231209-074601,tabula_muris,relationnet_5w_5s_fc-conc_sum_7lg_2lf,test,80.68,10.30554543275933,5,5,15
20231209-074850,tabula_muris,relationnet_5w_10s_fc-conc_sum_7lg_2lf,train,95.41555555555556,5.859014790985568,5,10,15
20231209-074850,tabula_muris,relationnet_5w_10s_fc-conc_sum_7lg_2lf,val,83.31555555555555,10.769214467495463,5,10,15
20231209-074850,tabula_muris,relationnet_5w_10s_fc-conc_sum_7lg_2lf,test,81.23555555555555,10.084792119759605,5,10,15
20231209-075152,tabula_muris,relationnet_5w_20s_fc-conc_sum_7lg_2lf,train,95.66888888888889,6.292146388382864,5,20,15
20231209-075152,tabula_muris,relationnet_5w_20s_fc-conc_sum_7lg_2lf,val,84.6088888888889,9.779324120148262,5,20,15
20231209-075153,tabula_muris,relationnet_5w_20s_fc-conc_sum_7lg_2lf,test,83.55333333333333,9.029608087963855,5,20,15
20231209-075439,tabula_muris,relationnet_5w_30s_fc-conc_sum_7lg_2lf,train,94.07555555555555,7.0360075660232075,5,30,15
20231209-075439,tabula_muris,relationnet_5w_30s_fc-conc_sum_7lg_2lf,val,83.24,10.02412792918869,5,30,15
20231209-075439,tabula_muris,relationnet_5w_30s_fc-conc_sum_7lg_2lf,test,78.60444444444444,10.711668035313894,5,30,15
20231209-075724,tabula_muris,relationnet_5w_40s_fc-conc_sum_7lg_2lf,train,95.46666666666667,5.778119648005455,5,40,15
20231209-075724,tabula_muris,relationnet_5w_40s_fc-conc_sum_7lg_2lf,val,83.1888888888889,9.681591288447535,5,40,15
20231209-075724,tabula_muris,relationnet_5w_40s_fc-conc_sum_7lg_2lf,test,81.32444444444444,8.972381216341514,5,40,15
20231209-080017,tabula_muris,relationnet_5w_50s_fc-conc_sum_7lg_2lf,train,95.84888888888888,5.580997742560836,5,50,15
20231209-080017,tabula_muris,relationnet_5w_50s_fc-conc_sum_7lg_2lf,val,84.41333333333333,9.70747554627265,5,50,15
20231209-080017,tabula_muris,relationnet_5w_50s_fc-conc_sum_7lg_2lf,test,77.54222222222221,9.562468817023312,5,50,15
20231209-080315,tabula_muris,relationnet_5w_70s_fc-conc_sum_7lg_2lf,train,94.56444444444445,6.615464113129085,5,70,15
20231209-080315,tabula_muris,relationnet_5w_70s_fc-conc_sum_7lg_2lf,val,83.68222222222222,9.621722080920293,5,70,15
20231209-080315,tabula_muris,relationnet_5w_70s_fc-conc_sum_7lg_2lf,test,81.05555555555556,9.230698915528325,5,70,15
20231209-080611,tabula_muris,relationnet_5w_90s_fc-conc_sum_7lg_2lf,train,95.46222222222222,5.737567773073997,5,90,15
20231209-080611,tabula_muris,relationnet_5w_90s_fc-conc_sum_7lg_2lf,val,85.46222222222221,8.770724592446353,5,90,15
20231209-080611,tabula_muris,relationnet_5w_90s_fc-conc_sum_7lg_2lf,test,81.11333333333333,10.100335894671286,5,90,15
20231209-080902,tabula_muris,relationnet_10w_5s_fc-conc_sum_7lg_2lf,train,95.75888888888889,4.069445164960119,10,5,15
20231209-080902,tabula_muris,relationnet_10w_5s_fc-conc_sum_7lg_2lf,val,70.65333333333334,8.077942532325638,10,5,15
20231209-080902,tabula_muris,relationnet_10w_5s_fc-conc_sum_7lg_2lf,test,64.49222222222222,8.056279737563521,10,5,15
20231209-081155,tabula_muris,relationnet_20w_5s_fc-conc_sum_7lg_2lf,train,96.42833333333333,2.3827413794789996,20,5,15
20231209-081155,tabula_muris,relationnet_20w_5s_fc-conc_sum_7lg_2lf,val,55.72444444444445,5.1292547529819235,20,5,15
20231209-081155,tabula_muris,relationnet_20w_5s_fc-conc_sum_7lg_2lf,test,52.81666666666667,5.337125388016231,20,5,15
20231209-081457,tabula_muris,relationnet_30w_5s_fc-conc_sum_7lg_2lf,train,92.39259259259259,2.67004929492161,30,5,15
20231209-081457,tabula_muris,relationnet_30w_5s_fc-conc_sum_7lg_2lf,val,48.055925925925926,3.3109743736783903,30,5,15
20231209-081457,tabula_muris,relationnet_30w_5s_fc-conc_sum_7lg_2lf,test,45.577777777777776,3.076420345128035,30,5,15
20231209-081805,tabula_muris,relationnet_40w_5s_fc-conc_sum_7lg_2lf,train,93.325,1.8076291511668428,40,5,15
20231209-081805,tabula_muris,relationnet_40w_5s_fc-conc_sum_7lg_2lf,val,39.25925925925926,2.083266003246378,40,5,15
20231209-081805,tabula_muris,relationnet_40w_5s_fc-conc_sum_7lg_2lf,test,38.95709876543211,2.3333039182612554,40,5,15
20231209-082126,tabula_muris,relationnet_50w_5s_fc-conc_sum_7lg_2lf,train,85.45688888888888,2.0536707755433894,50,5,15
20231209-082126,tabula_muris,relationnet_50w_5s_fc-conc_sum_7lg_2lf,val,31.73789173789174,1.9199573727082946,50,5,15
20231209-082126,tabula_muris,relationnet_50w_5s_fc-conc_sum_7lg_2lf,test,31.070679012345682,1.9967165310071882,50,5,15
20231209-124804,tabula_muris,relationnet_5w_5s_cosine_mean_7lg_2lf,train,90.11555555555556,8.961397598230997,5,5,15
20231209-124804,tabula_muris,relationnet_5w_5s_cosine_mean_7lg_2lf,val,84.60222222222222,9.258525333876054,5,5,15
20231209-124804,tabula_muris,relationnet_5w_5s_cosine_mean_7lg_2lf,test,79.65333333333334,10.390229028238947,5,5,15
20231209-125045,tabula_muris,relationnet_5w_5s_cosine_mean_7lg_1lf,train,90.78,8.458117293354837,5,5,15
20231209-125045,tabula_muris,relationnet_5w_5s_cosine_mean_7lg_1lf,val,81.46,11.137069898583109,5,5,15
20231209-125045,tabula_muris,relationnet_5w_5s_cosine_mean_7lg_1lf,test,78.6888888888889,11.057001580474576,5,5,15
20231209-125317,tabula_muris,relationnet_5w_5s_cosine_mean_2lg_2lf,train,90.09777777777778,8.94473125834145,5,5,15
20231209-125317,tabula_muris,relationnet_5w_5s_cosine_mean_2lg_2lf,val,84.61111111111111,9.251539745054387,5,5,15
20231209-125317,tabula_muris,relationnet_5w_5s_cosine_mean_2lg_2lf,test,79.66444444444444,10.408400927930439,5,5,15
20231209-125619,tabula_muris,relationnet_5w_5s_cosine_mean_2lg_1lf,train,90.82222222222222,8.357889744885028,5,5,15
20231209-125619,tabula_muris,relationnet_5w_5s_cosine_mean_2lg_1lf,val,81.41111111111111,11.135922298224731,5,5,15
20231209-125619,tabula_muris,relationnet_5w_5s_cosine_mean_2lg_1lf,test,78.51111111111112,11.085370183208381,5,5,15
20231209-125903,tabula_muris,relationnet_5w_5s_euclidean_mean_7lg_2lf,train,97.94888888888889,2.9829730798419436,5,5,15
20231209-125903,tabula_muris,relationnet_5w_5s_euclidean_mean_7lg_2lf,val,87.94444444444444,8.002954701272355,5,5,15
20231209-125903,tabula_muris,relationnet_5w_5s_euclidean_mean_7lg_2lf,test,86.41777777777777,8.523447977907695,5,5,15
20231209-130143,tabula_muris,relationnet_5w_5s_euclidean_mean_7lg_1lf,train,97.78222222222222,3.4598194486539255,5,5,15
20231209-130143,tabula_muris,relationnet_5w_5s_euclidean_mean_7lg_1lf,val,86.59555555555555,9.379614354124522,5,5,15
20231209-130143,tabula_muris,relationnet_5w_5s_euclidean_mean_7lg_1lf,test,86.88,8.085953069183438,5,5,15
20231209-130420,tabula_muris,relationnet_5w_5s_euclidean_mean_2lg_2lf,train,97.93777777777778,3.017329372675426,5,5,15
20231209-130420,tabula_muris,relationnet_5w_5s_euclidean_mean_2lg_2lf,val,87.96,8.030582285977268,5,5,15
20231209-130420,tabula_muris,relationnet_5w_5s_euclidean_mean_2lg_2lf,test,86.41777777777779,8.577160599558416,5,5,15
20231209-130728,tabula_muris,relationnet_5w_5s_euclidean_mean_2lg_1lf,train,97.78222222222222,3.4598194486539255,5,5,15
20231209-130728,tabula_muris,relationnet_5w_5s_euclidean_mean_2lg_1lf,val,86.59555555555555,9.38308854361313,5,5,15
20231209-130728,tabula_muris,relationnet_5w_5s_euclidean_mean_2lg_1lf,test,86.88,8.08668590269765,5,5,15
20231209-131019,tabula_muris,relationnet_5w_5s_fc-conc_mean_7lg_2lf,train,93.8888888888889,7.0477384517269535,5,5,15
20231209-131019,tabula_muris,relationnet_5w_5s_fc-conc_mean_7lg_2lf,val,80.18888888888888,11.176292147793896,5,5,15
20231209-131019,tabula_muris,relationnet_5w_5s_fc-conc_mean_7lg_2lf,test,78.01777777777778,10.955518593582003,5,5,15
20231209-131315,tabula_muris,relationnet_5w_5s_fc-conc_mean_7lg_1lf,train,93.79555555555557,8.195372376839368,5,5,15
20231209-131315,tabula_muris,relationnet_5w_5s_fc-conc_mean_7lg_1lf,val,78.48666666666666,11.81086317289676,5,5,15
20231209-131315,tabula_muris,relationnet_5w_5s_fc-conc_mean_7lg_1lf,test,75.79333333333334,11.589597506832167,5,5,15
20231209-131554,tabula_muris,relationnet_5w_5s_fc-conc_mean_2lg_2lf,train,96.67555555555555,4.567185155751143,5,5,15
20231209-131554,tabula_muris,relationnet_5w_5s_fc-conc_mean_2lg_2lf,val,80.63111111111112,10.711513132151168,5,5,15
20231209-131554,tabula_muris,relationnet_5w_5s_fc-conc_mean_2lg_2lf,test,79.61555555555555,9.789051833679762,5,5,15
20231209-131857,tabula_muris,relationnet_5w_5s_fc-conc_mean_2lg_1lf,train,93.70666666666666,6.630783429496767,5,5,15
20231209-131857,tabula_muris,relationnet_5w_5s_fc-conc_mean_2lg_1lf,val,80.21111111111111,11.892849807477175,5,5,15
20231209-131857,tabula_muris,relationnet_5w_5s_fc-conc_mean_2lg_1lf,test,74.71111111111111,11.671469910707186,5,5,15
20231209-132157,tabula_muris,relationnet_5w_5s_fc-diff_mean_7lg_2lf,train,96.66444444444446,4.579502911188097,5,5,15
20231209-132158,tabula_muris,relationnet_5w_5s_fc-diff_mean_7lg_2lf,val,86.6111111111111,9.473230640358764,5,5,15
20231209-132158,tabula_muris,relationnet_5w_5s_fc-diff_mean_7lg_2lf,test,83.37777777777778,10.32499065853163,5,5,15
20231209-132445,tabula_muris,relationnet_5w_5s_fc-diff_mean_7lg_1lf,train,96.94444444444446,4.427509402155216,5,5,15
20231209-132445,tabula_muris,relationnet_5w_5s_fc-diff_mean_7lg_1lf,val,85.14888888888889,9.516538171280148,5,5,15
20231209-132445,tabula_muris,relationnet_5w_5s_fc-diff_mean_7lg_1lf,test,81.06888888888888,10.517484325788647,5,5,15
20231209-132724,tabula_muris,relationnet_5w_5s_fc-diff_mean_2lg_2lf,train,97.20444444444445,4.468952427859256,5,5,15
20231209-132724,tabula_muris,relationnet_5w_5s_fc-diff_mean_2lg_2lf,val,80.00222222222223,11.51861595766813,5,5,15
20231209-132724,tabula_muris,relationnet_5w_5s_fc-diff_mean_2lg_2lf,test,72.85111111111111,13.400775912674922,5,5,15
20231209-133016,tabula_muris,relationnet_5w_5s_fc-diff_mean_2lg_1lf,train,95.91555555555556,5.260500844577679,5,5,15
20231209-133016,tabula_muris,relationnet_5w_5s_fc-diff_mean_2lg_1lf,val,79.81555555555555,12.280368957339803,5,5,15
20231209-133016,tabula_muris,relationnet_5w_5s_fc-diff_mean_2lg_1lf,test,68.28444444444445,14.718765380322756,5,5,15
20231209-133253,tabula_muris,relationnet_5w_5s_l1_mean_7lg_2lf,train,97.32444444444445,3.537721942607966,5,5,15
20231209-133253,tabula_muris,relationnet_5w_5s_l1_mean_7lg_2lf,val,88.64222222222223,7.7821825622442695,5,5,15
20231209-133253,tabula_muris,relationnet_5w_5s_l1_mean_7lg_2lf,test,86.87777777777778,8.344784724530973,5,5,15
20231209-133540,tabula_muris,relationnet_5w_5s_l1_mean_7lg_1lf,train,98.36444444444446,2.822750606705155,5,5,15
20231209-133540,tabula_muris,relationnet_5w_5s_l1_mean_7lg_1lf,val,86.99777777777778,8.933996382248244,5,5,15
20231209-133540,tabula_muris,relationnet_5w_5s_l1_mean_7lg_1lf,test,87.07777777777778,7.584771943315024,5,5,15
20231209-133819,tabula_muris,relationnet_5w_5s_l1_mean_2lg_2lf,train,97.4688888888889,3.4110054272444894,5,5,15
20231209-133819,tabula_muris,relationnet_5w_5s_l1_mean_2lg_2lf,val,88.64888888888889,7.512930746057876,5,5,15
20231209-133819,tabula_muris,relationnet_5w_5s_l1_mean_2lg_2lf,test,86.5488888888889,8.30284526570096,5,5,15
20231209-134126,tabula_muris,relationnet_5w_5s_l1_mean_2lg_1lf,train,98.32222222222221,2.972943837634407,5,5,15
20231209-134126,tabula_muris,relationnet_5w_5s_l1_mean_2lg_1lf,val,87.12888888888888,8.859377677890597,5,5,15
20231209-134126,tabula_muris,relationnet_5w_5s_l1_mean_2lg_1lf,test,86.64888888888889,7.712595438311395,5,5,15
20231209-134410,tabula_muris,relationnet_5w_5s_cosine_sum_7lg_2lf,train,90.07555555555555,9.000752780589186,5,5,15
20231209-134410,tabula_muris,relationnet_5w_5s_cosine_sum_7lg_2lf,val,84.56222222222223,9.227064592147078,5,5,15
20231209-134410,tabula_muris,relationnet_5w_5s_cosine_sum_7lg_2lf,test,79.59777777777778,10.439014900782805,5,5,15
20231209-134651,tabula_muris,relationnet_5w_5s_cosine_sum_7lg_1lf,train,90.81333333333333,8.309341463410659,5,5,15
20231209-134651,tabula_muris,relationnet_5w_5s_cosine_sum_7lg_1lf,val,81.42,11.191592744026568,5,5,15
20231209-134651,tabula_muris,relationnet_5w_5s_cosine_sum_7lg_1lf,test,78.62444444444444,11.068326292334367,5,5,15
20231209-134945,tabula_muris,relationnet_5w_5s_cosine_sum_2lg_2lf,train,90.07555555555555,8.914752373259912,5,5,15
20231209-134945,tabula_muris,relationnet_5w_5s_cosine_sum_2lg_2lf,val,84.6111111111111,9.245132185956157,5,5,15
20231209-134945,tabula_muris,relationnet_5w_5s_cosine_sum_2lg_2lf,test,79.66666666666667,10.421701005682895,5,5,15
20231209-135248,tabula_muris,relationnet_5w_5s_cosine_sum_2lg_1lf,train,90.73555555555555,8.424197657512526,5,5,15
20231209-135248,tabula_muris,relationnet_5w_5s_cosine_sum_2lg_1lf,val,81.51111111111112,11.118131115712426,5,5,15
20231209-135248,tabula_muris,relationnet_5w_5s_cosine_sum_2lg_1lf,test,78.61555555555555,11.102501330892473,5,5,15
20231209-135529,tabula_muris,relationnet_5w_5s_euclidean_sum_7lg_2lf,train,97.94444444444444,3.0056531099386623,5,5,15
20231209-135529,tabula_muris,relationnet_5w_5s_euclidean_sum_7lg_2lf,val,87.94888888888889,7.992240372563849,5,5,15
20231209-135529,tabula_muris,relationnet_5w_5s_euclidean_sum_7lg_2lf,test,86.46,8.544191876053278,5,5,15
20231209-135826,tabula_muris,relationnet_5w_5s_euclidean_sum_7lg_1lf,train,97.77777777777779,3.467236420416371,5,5,15
20231209-135826,tabula_muris,relationnet_5w_5s_euclidean_sum_7lg_1lf,val,86.58,9.39573819858218,5,5,15
20231209-135826,tabula_muris,relationnet_5w_5s_euclidean_sum_7lg_1lf,test,86.88888888888889,8.106574073545282,5,5,15
20231209-140120,tabula_muris,relationnet_5w_5s_euclidean_sum_2lg_2lf,train,97.95333333333333,2.9720998936404843,5,5,15
20231209-140120,tabula_muris,relationnet_5w_5s_euclidean_sum_2lg_2lf,val,87.9,8.06338317011837,5,5,15
20231209-140120,tabula_muris,relationnet_5w_5s_euclidean_sum_2lg_2lf,test,86.45777777777779,8.517219739960067,5,5,15
20231209-140409,tabula_muris,relationnet_5w_5s_euclidean_sum_2lg_1lf,train,97.78222222222222,3.4598194486539255,5,5,15
20231209-140409,tabula_muris,relationnet_5w_5s_euclidean_sum_2lg_1lf,val,86.59777777777778,9.380104766584369,5,5,15
20231209-140409,tabula_muris,relationnet_5w_5s_euclidean_sum_2lg_1lf,test,86.87333333333333,8.095098654261246,5,5,15
20231209-140650,tabula_muris,relationnet_5w_5s_fc-conc_sum_7lg_2lf,train,95.25333333333333,6.044732019302857,5,5,15
20231209-140650,tabula_muris,relationnet_5w_5s_fc-conc_sum_7lg_2lf,val,82.59333333333333,10.549521316154587,5,5,15
20231209-140650,tabula_muris,relationnet_5w_5s_fc-conc_sum_7lg_2lf,test,78.86666666666666,10.2886489052886,5,5,15
20231209-140933,tabula_muris,relationnet_5w_5s_fc-conc_sum_7lg_1lf,train,93.91555555555556,7.702158107061479,5,5,15
20231209-140933,tabula_muris,relationnet_5w_5s_fc-conc_sum_7lg_1lf,val,79.04222222222222,11.636646880320978,5,5,15
20231209-140933,tabula_muris,relationnet_5w_5s_fc-conc_sum_7lg_1lf,test,75.70222222222223,11.820142674244934,5,5,15
20231209-141214,tabula_muris,relationnet_5w_5s_fc-conc_sum_2lg_2lf,train,96.48222222222222,4.70162094454379,5,5,15
20231209-141214,tabula_muris,relationnet_5w_5s_fc-conc_sum_2lg_2lf,val,80.45777777777778,10.705107584469282,5,5,15
20231209-141214,tabula_muris,relationnet_5w_5s_fc-conc_sum_2lg_2lf,test,80.66888888888889,10.228210564806764,5,5,15
20231209-141526,tabula_muris,relationnet_5w_5s_fc-conc_sum_2lg_1lf,train,95.14444444444445,5.664171563977636,5,5,15
20231209-141526,tabula_muris,relationnet_5w_5s_fc-conc_sum_2lg_1lf,val,81.29555555555557,11.261013484201056,5,5,15
20231209-141526,tabula_muris,relationnet_5w_5s_fc-conc_sum_2lg_1lf,test,75.00888888888889,11.555530769204186,5,5,15
20231209-141817,tabula_muris,relationnet_5w_5s_fc-diff_sum_7lg_2lf,train,96.54222222222222,4.563550707697725,5,5,15
20231209-141817,tabula_muris,relationnet_5w_5s_fc-diff_sum_7lg_2lf,val,87.36222222222223,9.09305283590408,5,5,15
20231209-141817,tabula_muris,relationnet_5w_5s_fc-diff_sum_7lg_2lf,test,85.23777777777778,9.427449021963916,5,5,15
20231209-142055,tabula_muris,relationnet_5w_5s_fc-diff_sum_7lg_1lf,train,96.77333333333333,4.515704284514786,5,5,15
20231209-142055,tabula_muris,relationnet_5w_5s_fc-diff_sum_7lg_1lf,val,85.06888888888888,9.75027419684084,5,5,15
20231209-142055,tabula_muris,relationnet_5w_5s_fc-diff_sum_7lg_1lf,test,80.83111111111111,10.226309327862902,5,5,15
20231209-142330,tabula_muris,relationnet_5w_5s_fc-diff_sum_2lg_2lf,train,97.36444444444446,4.325864789014966,5,5,15
20231209-142330,tabula_muris,relationnet_5w_5s_fc-diff_sum_2lg_2lf,val,80.19555555555556,11.689449923164599,5,5,15
20231209-142330,tabula_muris,relationnet_5w_5s_fc-diff_sum_2lg_2lf,test,74.57333333333334,12.405143497162182,5,5,15
20231209-142630,tabula_muris,relationnet_5w_5s_fc-diff_sum_2lg_1lf,train,95.87555555555556,5.438075185982175,5,5,15
20231209-142630,tabula_muris,relationnet_5w_5s_fc-diff_sum_2lg_1lf,val,78.26,12.73190044293816,5,5,15
20231209-142630,tabula_muris,relationnet_5w_5s_fc-diff_sum_2lg_1lf,test,67.41555555555554,14.802574183875445,5,5,15
20231209-142932,tabula_muris,relationnet_5w_5s_l1_sum_7lg_2lf,train,97.38,3.565374636177284,5,5,15
20231209-142932,tabula_muris,relationnet_5w_5s_l1_sum_7lg_2lf,val,88.28888888888889,7.894833441037779,5,5,15
20231209-142932,tabula_muris,relationnet_5w_5s_l1_sum_7lg_2lf,test,86.88444444444444,8.089498145553504,5,5,15
20231209-143212,tabula_muris,relationnet_5w_5s_l1_sum_7lg_1lf,train,98.41333333333333,2.753228408008799,5,5,15
20231209-143212,tabula_muris,relationnet_5w_5s_l1_sum_7lg_1lf,val,87.19555555555556,8.890709813488142,5,5,15
20231209-143212,tabula_muris,relationnet_5w_5s_l1_sum_7lg_1lf,test,86.65777777777777,7.772310459351403,5,5,15
20231209-143450,tabula_muris,relationnet_5w_5s_l1_sum_2lg_2lf,train,98.03111111111112,2.830350499605532,5,5,15
20231209-143450,tabula_muris,relationnet_5w_5s_l1_sum_2lg_2lf,val,88.38666666666667,8.123042670220453,5,5,15
20231209-143450,tabula_muris,relationnet_5w_5s_l1_sum_2lg_2lf,test,87.22444444444444,8.390470491082631,5,5,15
20231209-143755,tabula_muris,relationnet_5w_5s_l1_sum_2lg_1lf,train,98.38222222222221,2.8151407218735294,5,5,15
20231209-143755,tabula_muris,relationnet_5w_5s_l1_sum_2lg_1lf,val,87.1711111111111,8.90328584093716,5,5,15
20231209-143755,tabula_muris,relationnet_5w_5s_l1_sum_2lg_1lf,test,86.84,7.724105605661242,5,5,15
20231209-144147,swissprot,protonet_5w_1s,train,55.58444444444445,14.186766742894026,5,1,15
20231209-144147,swissprot,protonet_5w_1s,val,56.148888888888884,13.030280214528611,5,1,15
20231209-144147,swissprot,protonet_5w_1s,test,52.96444444444444,11.766125053110395,5,1,15
20231209-144505,swissprot,protonet_5w_5s,train,89.87777777777778,7.827957177977337,5,5,15
20231209-144505,swissprot,protonet_5w_5s,val,71.67333333333333,9.961850936150071,5,5,15
20231209-144505,swissprot,protonet_5w_5s,test,61.086666666666666,7.658733093181442,5,5,15
20231209-144807,swissprot,protonet_5w_10s,train,97.62666666666667,3.5230289997860273,5,10,15
20231209-144807,swissprot,protonet_5w_10s,val,69.46000000000001,9.382660919266236,5,10,15
20231209-144807,swissprot,protonet_5w_10s,test,64.68,5.9434221343151,5,10,15
20231209-145054,swissprot,protonet_5w_20s,train,97.89333333333333,3.3608464542268055,5,20,15
20231209-145054,swissprot,protonet_5w_20s,val,65.67111111111112,7.447891739145024,5,20,15
20231209-145054,swissprot,protonet_5w_20s,test,69.9511111111111,5.548224496334696,5,20,15
20231209-145331,swissprot,protonet_5w_30s,train,96.50444444444445,4.243380320358981,5,30,15
20231209-145331,swissprot,protonet_5w_30s,val,69.52222222222223,6.163923313708887,5,30,15
20231209-145331,swissprot,protonet_5w_30s,test,69.92,5.244775884065406,5,30,15
20231209-145602,swissprot,protonet_5w_40s,train,98.32,2.324389206906878,5,40,15
20231209-145602,swissprot,protonet_5w_40s,val,72.44,6.620430779315172,5,40,15
20231209-145602,swissprot,protonet_5w_40s,test,65.24444444444445,6.339577818244701,5,40,15
20231209-145828,swissprot,protonet_5w_50s,train,97.59777777777778,2.8155117071039695,5,50,15
20231209-145828,swissprot,protonet_5w_50s,val,76.9,4.804820110711357,5,50,15
20231209-145828,swissprot,protonet_5w_50s,test,66.64722222222221,6.05718059235442,5,50,15
20231209-150050,swissprot,protonet_5w_70s,train,98.45555555555556,2.1067498811506775,5,70,15
20231209-150050,swissprot,protonet_5w_70s,val,77.54,4.706051266031695,5,70,15
20231209-150050,swissprot,protonet_5w_70s,test,72.27777777777777,7.10742091751751,5,70,15
20231209-150309,swissprot,protonet_5w_90s,train,97.15555555555557,3.1922746253965406,5,90,15
20231209-150309,swissprot,protonet_5w_90s,val,62.13611111111112,5.92366500561649,5,90,15
20231209-150309,swissprot,protonet_5w_90s,test,90.58333333333333,5.735892516684996,5,90,15
20231209-150628,swissprot,protonet_10w_5s,train,88.81888888888888,6.710175707438022,10,5,15
20231209-150628,swissprot,protonet_10w_5s,val,62.42444444444444,6.221277309204654,10,5,15
20231209-150628,swissprot,protonet_10w_5s,test,53.67901234567901,4.968794559251464,10,5,15
20231209-150947,swissprot,protonet_20w_5s,train,78.76277777777779,5.478596710251654,20,5,15
20231209-150947,swissprot,protonet_20w_5s,val,57.79111111111111,3.6173090969504735,20,5,15
20231209-150947,swissprot,protonet_20w_5s,test,56.079012345679004,4.665919333980685,20,5,15
20231209-151309,swissprot,protonet_30w_5s,train,98.14962962962963,1.1082917316366954,30,5,15
20231209-151309,swissprot,protonet_30w_5s,val,56.248148148148154,3.840008501933889,30,5,15
20231209-151309,swissprot,protonet_30w_5s,test,49.22345679012346,5.185414310046433,30,5,15
20231209-151635,swissprot,protonet_40w_5s,train,82.38027777777778,3.1200471738875937,40,5,15
20231209-151635,swissprot,protonet_40w_5s,val,57.972592592592605,3.8140186871531396,40,5,15
20231209-151635,swissprot,protonet_40w_5s,test,55.248148148148154,5.016448937757697,40,5,15
20231209-152007,swissprot,protonet_50w_5s,train,89.43911111111112,1.612032288375587,50,5,15
20231209-152007,swissprot,protonet_50w_5s,val,56.99703703703703,3.67110722505997,50,5,15
20231209-152007,swissprot,protonet_50w_5s,test,52.272839506172836,5.092935865722037,50,5,15
20231209-152416,swissprot,matchingnet_5w_1s,train,90.30666666666667,9.401695670541644,5,1,15
20231209-152416,swissprot,matchingnet_5w_1s,val,55.64222222222222,12.800439614364329,5,1,15
20231209-152416,swissprot,matchingnet_5w_1s,test,53.43111111111111,11.28601538231614,5,1,15
20231209-152904,swissprot,matchingnet_5w_5s,train,93.82,6.268809326368954,5,5,15
20231209-152904,swissprot,matchingnet_5w_5s,val,69.96,9.698791066321006,5,5,15
20231209-152904,swissprot,matchingnet_5w_5s,test,64.42888888888889,7.471609144613798,5,5,15
20231209-153505,swissprot,matchingnet_5w_10s,train,85.38444444444444,8.911435571815424,5,10,15
20231209-153505,swissprot,matchingnet_5w_10s,val,72.65777777777777,8.543045399116057,5,10,15
20231209-153505,swissprot,matchingnet_5w_10s,test,69.6088888888889,6.321362566042073,5,10,15
20231209-154338,swissprot,matchingnet_5w_20s,train,72.57333333333334,9.075005968776733,5,20,15
20231209-154338,swissprot,matchingnet_5w_20s,val,65.75555555555555,7.030901808937,5,20,15
20231209-154338,swissprot,matchingnet_5w_20s,test,71.39555555555555,5.401424594893553,5,20,15
20231209-155446,swissprot,matchingnet_5w_30s,train,64.16666666666667,10.775503769266727,5,30,15
20231209-155446,swissprot,matchingnet_5w_30s,val,62.27111111111112,6.912188554812719,5,30,15
20231209-155446,swissprot,matchingnet_5w_30s,test,59.68666666666667,6.128951333176373,5,30,15
20231209-160846,swissprot,matchingnet_5w_40s,train,55.69777777777779,11.121573740668888,5,40,15
20231209-160846,swissprot,matchingnet_5w_40s,val,55.69111111111112,6.574202857371876,5,40,15
20231209-160846,swissprot,matchingnet_5w_40s,test,41.90555555555556,7.068996383967333,5,40,15
20231209-162526,swissprot,matchingnet_5w_50s,train,74.03777777777778,9.659310355465854,5,50,15
20231209-162526,swissprot,matchingnet_5w_50s,val,77.85555555555555,4.6478854876355165,5,50,15
20231209-162526,swissprot,matchingnet_5w_50s,test,68.175,5.837135665527895,5,50,15
20231209-164812,swissprot,matchingnet_5w_70s,train,20.0,0.0,5,70,15
20231209-164812,swissprot,matchingnet_5w_70s,val,20.0,0.0,5,70,15
20231209-164812,swissprot,matchingnet_5w_70s,test,33.33333333333332,7.105427357601002e-15,5,70,15
20231209-171525,swissprot,matchingnet_5w_90s,train,20.0,0.0,5,90,15
20231209-171525,swissprot,matchingnet_5w_90s,val,25.0,0.0,5,90,15
20231209-171525,swissprot,matchingnet_5w_90s,test,50.0,0.0,5,90,15
20231209-172219,swissprot,matchingnet_10w_5s,train,94.36666666666666,4.642357319453286,10,5,15
20231209-172219,swissprot,matchingnet_10w_5s,val,60.744444444444454,6.474441679537193,10,5,15
20231209-172219,swissprot,matchingnet_10w_5s,test,52.571604938271605,5.226337432357993,10,5,15
20231209-173414,swissprot,matchingnet_20w_5s,train,24.634444444444444,5.123843922604384,20,5,15
20231209-173414,swissprot,matchingnet_20w_5s,val,25.918518518518518,2.8862571108165964,20,5,15
20231209-173414,swissprot,matchingnet_20w_5s,test,27.811111111111114,4.6997441290808,20,5,15
20231209-175303,swissprot,matchingnet_30w_5s,train,26.453703703703706,4.396687476746054,30,5,15
20231209-175303,swissprot,matchingnet_30w_5s,val,32.08444444444444,4.581025097781288,30,5,15
20231209-175303,swissprot,matchingnet_30w_5s,test,33.81975308641975,5.4767474830821,30,5,15
20231209-182117,swissprot,matchingnet_40w_5s,train,48.523611111111116,3.358825841562884,40,5,15
20231209-182117,swissprot,matchingnet_40w_5s,val,56.40148148148148,3.69808729711245,40,5,15
20231209-182117,swissprot,matchingnet_40w_5s,test,52.430864197530866,4.591437363002489,40,5,15
20231209-185111,swissprot,maml_5w_1s,train,90.8488888888889,8.745080027727479,5,1,15
20231209-185111,swissprot,maml_5w_1s,val,49.18888888888889,12.001229360896305,5,1,15
20231209-185111,swissprot,maml_5w_1s,test,51.63333333333333,12.709124747670543,5,1,15
20231209-185840,swissprot,maml_5w_5s,train,94.19333333333333,6.963052757498231,5,5,15
20231209-185840,swissprot,maml_5w_5s,val,51.76222222222222,11.738120025301967,5,5,15
20231209-185840,swissprot,maml_5w_5s,test,42.06666666666667,7.433358246096768,5,5,15
20231209-190557,swissprot,maml_5w_10s,train,95.38222222222221,6.692658959682414,5,10,15
20231209-190557,swissprot,maml_5w_10s,val,50.12222222222223,10.50360902114772,5,10,15
20231209-190557,swissprot,maml_5w_10s,test,44.59777777777777,7.174935453746751,5,10,15
20231209-191255,swissprot,maml_5w_20s,train,98.73777777777778,2.382835741892316,5,20,15
20231209-191255,swissprot,maml_5w_20s,val,44.04888888888889,7.3048321568333225,5,20,15
20231209-191255,swissprot,maml_5w_20s,test,45.52444444444445,6.813858064884759,5,20,15
20231209-191945,swissprot,maml_5w_30s,train,97.79777777777777,3.501617968177244,5,30,15
20231209-191945,swissprot,maml_5w_30s,val,49.66,6.28248240627741,5,30,15
20231209-191945,swissprot,maml_5w_30s,test,48.18444444444444,5.824474119217297,5,30,15
20231209-195638,swissprot,relationnet_5w_1s_fc-conc_sum_7lg_2lf,train,85.29333333333334,11.898018509165485,5,1,15
20231209-195638,swissprot,relationnet_5w_1s_fc-conc_sum_7lg_2lf,val,52.41555555555556,12.620350213293325,5,1,15
20231209-195638,swissprot,relationnet_5w_1s_fc-conc_sum_7lg_2lf,test,50.97555555555555,12.301255381082749,5,1,15
20231209-200021,swissprot,relationnet_5w_5s_fc-conc_sum_7lg_2lf,train,96.32,4.988116248014245,5,5,15
20231209-200021,swissprot,relationnet_5w_5s_fc-conc_sum_7lg_2lf,val,61.17111111111112,10.551618213031603,5,5,15
20231209-200021,swissprot,relationnet_5w_5s_fc-conc_sum_7lg_2lf,test,50.228888888888896,7.735692807362282,5,5,15
20231209-200347,swissprot,relationnet_5w_10s_fc-conc_sum_7lg_2lf,train,96.50444444444445,4.33866964875037,5,10,15
20231209-200347,swissprot,relationnet_5w_10s_fc-conc_sum_7lg_2lf,val,57.233333333333334,10.004980241341292,5,10,15
20231209-200347,swissprot,relationnet_5w_10s_fc-conc_sum_7lg_2lf,test,49.02444444444445,6.189309381286733,5,10,15
20231209-200654,swissprot,relationnet_5w_20s_fc-conc_sum_7lg_2lf,train,85.93555555555555,9.152631410058808,5,20,15
20231209-200654,swissprot,relationnet_5w_20s_fc-conc_sum_7lg_2lf,val,49.908888888888896,7.850680241030937,5,20,15
20231209-200654,swissprot,relationnet_5w_20s_fc-conc_sum_7lg_2lf,test,49.675555555555555,6.532987141243607,5,20,15
20231209-200954,swissprot,relationnet_5w_30s_fc-conc_sum_7lg_2lf,train,87.80888888888889,8.023608375165422,5,30,15
20231209-200954,swissprot,relationnet_5w_30s_fc-conc_sum_7lg_2lf,val,51.88444444444444,6.118700741614359,5,30,15
20231209-200954,swissprot,relationnet_5w_30s_fc-conc_sum_7lg_2lf,test,54.18666666666667,5.629614814795321,5,30,15
20231209-201250,swissprot,relationnet_5w_40s_fc-conc_sum_7lg_2lf,train,85.57333333333334,8.703947167595649,5,40,15
20231209-201250,swissprot,relationnet_5w_40s_fc-conc_sum_7lg_2lf,val,47.81111111111111,6.189347678985083,5,40,15
20231209-201250,swissprot,relationnet_5w_40s_fc-conc_sum_7lg_2lf,test,45.888888888888886,6.658096343068359,5,40,15
20231209-201541,swissprot,relationnet_5w_50s_fc-conc_sum_7lg_2lf,train,89.20444444444443,7.4667447085868615,5,50,15
20231209-201541,swissprot,relationnet_5w_50s_fc-conc_sum_7lg_2lf,val,55.34,5.12596440790522,5,50,15
20231209-201541,swissprot,relationnet_5w_50s_fc-conc_sum_7lg_2lf,test,45.96111111111111,6.424948959781897,5,50,15
20231209-201833,swissprot,relationnet_5w_70s_fc-conc_sum_7lg_2lf,train,96.81111111111112,2.796271768349626,5,70,15
20231209-201833,swissprot,relationnet_5w_70s_fc-conc_sum_7lg_2lf,val,55.99333333333333,4.948620458718211,5,70,15
20231209-201833,swissprot,relationnet_5w_70s_fc-conc_sum_7lg_2lf,test,53.8,7.393434970190528,5,70,15
20231209-202114,swissprot,relationnet_5w_90s_fc-conc_sum_7lg_2lf,train,98.81333333333333,1.4429804546814167,5,90,15
20231209-202114,swissprot,relationnet_5w_90s_fc-conc_sum_7lg_2lf,val,43.977777777777774,5.77121422061657,5,90,15
20231209-202114,swissprot,relationnet_5w_90s_fc-conc_sum_7lg_2lf,test,69.55,8.770811229848107,5,90,15
20231209-202458,swissprot,relationnet_10w_5s_fc-conc_sum_7lg_2lf,train,95.49777777777778,3.9621817160015884,10,5,15
20231209-202458,swissprot,relationnet_10w_5s_fc-conc_sum_7lg_2lf,val,45.74444444444444,6.963706619074586,10,5,15
20231209-202458,swissprot,relationnet_10w_5s_fc-conc_sum_7lg_2lf,test,39.08271604938271,5.48039014272211,10,5,15
20231209-202839,swissprot,relationnet_20w_5s_fc-conc_sum_7lg_2lf,train,90.80388888888889,3.6550654433350074,20,5,15
20231209-202839,swissprot,relationnet_20w_5s_fc-conc_sum_7lg_2lf,val,42.931111111111115,3.9203000221123996,20,5,15
20231209-202839,swissprot,relationnet_20w_5s_fc-conc_sum_7lg_2lf,test,40.57037037037037,4.915403222845929,20,5,15
20231209-203231,swissprot,relationnet_30w_5s_fc-conc_sum_7lg_2lf,train,98.14740740740741,0.8640031880243981,30,5,15
20231209-203231,swissprot,relationnet_30w_5s_fc-conc_sum_7lg_2lf,val,42.419259259259256,3.526551765186174,30,5,15
20231209-203231,swissprot,relationnet_30w_5s_fc-conc_sum_7lg_2lf,test,36.38765432098765,5.223042868129336,30,5,15
20231209-203632,swissprot,relationnet_40w_5s_fc-conc_sum_7lg_2lf,train,97.93472222222222,0.7375810794518995,40,5,15
20231209-203632,swissprot,relationnet_40w_5s_fc-conc_sum_7lg_2lf,val,40.54518518518518,3.696519254019391,40,5,15
20231209-203632,swissprot,relationnet_40w_5s_fc-conc_sum_7lg_2lf,test,36.425925925925924,4.952137170095385,40,5,15
20231209-204043,swissprot,relationnet_50w_5s_fc-conc_sum_7lg_2lf,train,97.89755555555557,0.5462545420327014,50,5,15
20231209-204043,swissprot,relationnet_50w_5s_fc-conc_sum_7lg_2lf,val,36.977777777777774,3.3578358697820634,50,5,15
20231209-204043,swissprot,relationnet_50w_5s_fc-conc_sum_7lg_2lf,test,27.941975308641975,5.059727246700599,50,5,15
